term,estimate,std.error,statistic,p.value,conf.low,conf.high,model,n_obs
operational_specificity_raw_z,-4.522668978071908,0.976368870349602,-4.632131477576201,1.033109417399156e-5,-6.458415226900104,-2.586922729243713,P1_core_yearFE,3102
fl_sentence_share_z,1.4546762913375477,0.7914310968700673,1.8380327701179124,0.0688579696700386,-0.1144128341931141,3.0237654168682093,P1_core_yearFE,3102
risk_transparency_z,0.15503504352806927,1.4468460153225375,0.10715379652444089,0.9148695155802522,-2.7134779046467186,3.0235479917028574,P1_core_yearFE,3102
tone_lm_z,1.2354966243979677,1.3191966741519556,0.936552258359964,0.3511178119649423,-1.3799390895058543,3.8509323383017895,P1_core_yearFE,3102
ln_deal_value,0.6161530962228882,0.6053899407519382,1.0177788805964985,0.31110045896518684,-0.584091342612283,1.8163975350580595,P1_core_yearFE,3102
tender,6.988646397973785,3.2667581172263884,2.1393216599420075,0.034704834039058635,0.5119806999105254,13.465312096037044,P1_core_yearFE,3102
percentage_of_cash,0.017892205148453903,0.021005421066201166,0.8517898828147468,0.3962510372164332,-0.023753085139627886,0.05953749543653569,P1_core_yearFE,3102
operational_specificity_raw_z,-2.5061180676611823,0.7829077881029294,-3.2010386226119665,0.002071059822880117,-4.0679763699888705,-0.9442597653334943,P2_core_indyrFE,2745
fl_sentence_share_z,0.978488977444137,0.999904102097197,0.9785828214844363,0.33120480473306935,-1.0162651265815859,2.97324308146986,P2_core_indyrFE,2745
risk_transparency_z,-0.38084719461225675,1.7745145571077656,-0.21462049611640804,0.8306962501061557,-3.9209068743554445,3.159212485130931,P2_core_indyrFE,2745
tone_lm_z,-0.13420358907083318,1.153776788478767,-0.11631676976946129,0.907739375823873,-2.435925303303703,2.1675181251620366,P2_core_indyrFE,2745
ln_deal_value,-0.2622784642304623,0.6916753962515685,-0.3791929937826924,0.7057089913272547,-1.6421331247250108,1.1175761962640862,P2_core_indyrFE,2745
tender,5.279839216705025,2.8891611741779464,1.8274644086643241,0.07195413775803518,-0.48387962122711237,11.043558054637163,P2_core_indyrFE,2745
percentage_of_cash,-0.009904889055446809,0.02587585734876037,-0.3827849613617274,0.7030558762427987,-0.061525812035325235,0.04171603392443162,P2_core_indyrFE,2745
operational_specificity_raw_z,-4.167696082424704,0.8917886576146922,-4.673412301040283,8.74919821011644e-6,-5.935753833085124,-2.399638331764284,P3_extended,3095
fl_sentence_share_z,1.062207498072241,1.053309711041084,1.0084474556133753,0.31553617682108775,-1.026081450828823,3.150496446973305,P3_extended,3095
risk_transparency_z,0.26493389145491,1.3596330035300392,0.1948569141577598,0.8458779550642815,-2.4306707783497488,2.9605385612595687,P3_extended,3095
tone_lm_z,0.9348832272179547,1.289425430586118,0.7250386141314094,0.4700258646003037,-1.621528100712884,3.4912945551487935,P3_extended,3095
fl_precision_share_z,-0.1761768095090118,0.7292340313239873,-0.24159159054761553,0.809563381181174,-1.6219542031981662,1.2696005841801428,P3_extended,3095
commitment_density_z,1.9518531097547993,0.9782241039507832,1.9953026120208972,0.04857577647783027,0.012428679868966341,3.8912775396406323,P3_extended,3095
hedging_density_z,-0.3459873640946988,0.9342486304156513,-0.3703375662865757,0.7118699625009501,-2.198226140564938,1.5062514123755404,P3_extended,3095
ln_deal_value,0.7484499925115577,0.6525137537632643,1.1470256192992059,0.2539534823827702,-0.5452219889638179,2.0421219739869336,P3_extended,3095
tender,6.7861631764644015,3.1313523822051774,2.167166881322189,0.03246084375893436,0.5779525178815401,12.994373835047263,P3_extended,3095
percentage_of_cash,0.0203102530463972,0.020446700221389127,0.9933266897096094,0.3228129014244925,-0.02022731882466893,0.06084782491746333,P3_extended,3095
operational_specificity_raw_z,-4.2044405162968745,0.929182132927552,-4.524883085138588,1.5845102717950026e-5,-6.046634468720466,-2.362246563873283,P4_proc_costs,3102
fl_sentence_share_z,1.2462389719627915,0.7347120489848081,1.6962277584596417,0.09277777325000895,-0.21039912454060916,2.7028770684661922,P4_proc_costs,3102
risk_transparency_z,-0.014681727019444785,1.416678639093352,-0.010363484430626284,0.9917507636038592,-2.8233849176875996,2.7940214636487104,P4_proc_costs,3102
tone_lm_z,0.8208549964246556,1.2643125715504369,0.6492500469389737,0.5175810917342089,-1.6857676459469386,3.3274776387962497,P4_proc_costs,3102
mda_fog_z,0.8780115197018071,1.072874841639434,0.8183727361526523,0.4149803309612987,-1.2490672035496293,3.005090242953244,P4_proc_costs,3102
mda_log_length_z,-3.1963077330552783,1.0331141419655123,-3.093857303099407,0.0025264578036303794,-5.244557002007317,-1.1480584641032392,P4_proc_costs,3102
ln_deal_value,1.0589532356476503,0.5965704811431491,1.775068108664181,0.078756942647497,-0.12380576671688415,2.2417122380121848,P4_proc_costs,3102
tender,6.6963371039420405,3.142273130316731,2.131048710990655,0.035396914130296823,0.4664750000567821,12.926199207827299,P4_proc_costs,3102
percentage_of_cash,0.01651009419160706,0.02146572081328517,0.7691376560431614,0.4435220329360612,-0.026047785114634826,0.059067973497848945,P4_proc_costs,3102
operational_specificity_raw_z,-5.01606095175651,1.0566857788303126,-4.746974978038397,6.492683962425858e-6,-7.111043283412032,-2.9210786201009866,P5_operational_specificity_raw_z,3102
ln_deal_value,0.7286675147236454,0.6225136823771595,1.1705244966522212,0.24441481145264557,-0.5055264073688694,1.9628614368161603,P5_operational_specificity_raw_z,3102
tender,7.242256517742025,3.561074490883974,2.0337278920397597,0.04447693418653845,0.18207998317248464,14.302433052311564,P5_operational_specificity_raw_z,3102
percentage_of_cash,0.022308863622162833,0.02166043774531187,1.0299359544103077,0.30538443104350804,-0.020635060940334564,0.06525278818466024,P5_operational_specificity_raw_z,3102
fl_sentence_share_z,2.2704999799225076,0.7908288538131039,2.8710383656020393,0.004940888494291029,0.7026048598274988,3.8383951000175163,P5_fl_sentence_share_z,3102
ln_deal_value,1.050522523145324,0.6717682471440268,1.5638168782337405,0.12084123169891839,-0.2813233641834336,2.3823684104740814,P5_fl_sentence_share_z,3102
tender,8.170951918085287,3.9144732931933093,2.0873694380016246,0.0392522531775704,0.41012788574605086,15.931775950424523,P5_fl_sentence_share_z,3102
percentage_of_cash,0.035936661605386645,0.02191130886033508,1.6400965288952203,0.10394947743342438,-0.007504639342811828,0.07937796255358512,P5_fl_sentence_share_z,3102
risk_transparency_z,0.4174401022408011,1.6236204210277518,0.25710449119416806,0.7975965183285179,-2.8015452986353684,3.6364255031169708,P5_risk_transparency_z,3102
ln_deal_value,1.1117213039119465,0.692530741990109,1.6053024602448978,0.11140250121392616,-0.26128824884607393,2.484730856669967,P5_risk_transparency_z,3102
tender,8.404249973800688,3.87952668230333,2.1663080736464906,0.03252812275607709,0.7127109965199097,16.095788951081467,P5_risk_transparency_z,3102
percentage_of_cash,0.03805934937191443,0.020109123388689722,1.8926408991712051,0.06113355355088547,-0.0018089435950063917,0.07792764233883526,P5_risk_transparency_z,3102
tone_lm_z,2.119148308331278,1.5464453990966727,1.370335033858382,0.17347752794709503,-0.9468301053876416,5.185126722050198,P5_tone_lm_z,3102
ln_deal_value,0.9387806952899611,0.6584937195121564,1.4256486697936233,0.1569079815825342,-0.36674714990461954,2.2443085404845418,P5_tone_lm_z,3102
tender,7.928694596335045,3.581858861451845,2.213569797979501,0.029000915238733434,0.8273110255901246,15.030078167079964,P5_tone_lm_z,3102
percentage_of_cash,0.03352796531528821,0.021738079241513237,1.5423609851996405,0.12596608061384154,-0.0095698910649773955,0.07662582169555382,P5_tone_lm_z,3102
